[
  {
    "ID": "ENT-0001",
    "Nom de l'entreprise": "PLANÈTE ÉVEIL",
    "Adresse e-mail de contact": "contact@planete-eveil.info",
    "Numéro de téléphone": "",
    "Provenance des produits BPF par défaut": "C.1 - des entreprises pour la formation de leurs salariés",
    "Numéro de compte comptable": "411000",
    "Code postal": "06250",
    "Ville": "Mougins"
  },
  {
    "ID": "ENT-0002",
    "Nom de l'entreprise": "DRMC",
    "Adresse e-mail de contact": "contact@optitvadrouilleur.com",
    "Numéro de téléphone": "",
    "Provenance des produits BPF par défaut": "C.1 - des entreprises pour la formation de leurs salariés",
    "Numéro de compte comptable": "411000",
    "Code postal": "06340",
    "Ville": "Drap"
  },
  {
    "ID": "ENT-0003",
    "Nom de l'entreprise": "LE PETIT SAFARI",
    "Adresse e-mail de contact": "camille@lepetitsafari.fr",
    "Numéro de téléphone": "",
    "Provenance des produits BPF par défaut": "C.1 - des entreprises pour la formation de leurs salariés",
    "Numéro de compte comptable": "411000",
    "Code postal": "13004",
    "Ville": "Marseille"
  },
  {
    "ID": "ENT-0004",
    "Nom de l'entreprise": "BÉBÉ S'ÉVEILLE",
    "Adresse e-mail de contact": "contact@bebeseveille.fr",
    "Numéro de téléphone": "",
    "Provenance des produits BPF par défaut": "C.1 - des entreprises pour la formation de leurs salariés",
    "Numéro de compte comptable": "411000",
    "Code postal": "06130",
    "Ville": "Grasse"
  },
  {
    "ID": "ENT-0005",
    "Nom de l'entreprise": "Ô P'TITE CANAILLES",
    "Adresse e-mail de contact": "contact@optitescanailles.com",
    "Numéro de téléphone": "",
    "Provenance des produits BPF par défaut": "C.1 - des entreprises pour la formation de leurs salariés",
    "Numéro de compte comptable": "411000",
    "Code postal": "31470",
    "Ville": "FONSORBES"
  },
  {
    "ID": "ENT-0006",
    "Nom de l'entreprise": "YOUBEE 13",
    "Adresse e-mail de contact": "pierre@youbee.com",
    "Numéro de téléphone": "",
    "Provenance des produits BPF par défaut": "C.1 - des entreprises pour la formation de leurs salariés",
    "Numéro de compte comptable": "411000",
    "Code postal": "13001",
    "Ville": "Marseille"
  },
  {
    "ID": "ENT-0007",
    "Nom de l'entreprise": "LES 3 PAPILLONS",
    "Adresse e-mail de contact": "mcles3papillons@outlook.fr",
    "Numéro de téléphone": "",
    "Provenance des produits BPF par défaut": "C.1 - des entreprises pour la formation de leurs salariés",
    "Numéro de compte comptable": "411000",
    "Code postal": "84150",
    "Ville": "Jonquières"
  },
  {
    "ID": "ENT-0008",
    "Nom de l'entreprise": "LA TRIBU DES CAMÉLÉONS",
    "Adresse e-mail de contact": "secretaire.lestribus@gmail.com",
    "Numéro de téléphone": "",
    "Provenance des produits BPF par défaut": "C.1 - des entreprises pour la formation de leurs salariés",
    "Numéro de compte comptable": "411000",
    "Code postal": "84170",
    "Ville": "Monteux"
  },
  {
    "ID": "ENT-0009",
    "Nom de l'entreprise": "LA TRIBU DES PANDAS",
    "Adresse e-mail de contact": "secretaire.lestribus@gmail.com",
    "Numéro de téléphone": "",
    "Provenance des produits BPF par défaut": "C.1 - des entreprises pour la formation de leurs salariés",
    "Numéro de compte comptable": "411000",
    "Code postal": "84260",
    "Ville": "Sarrians"
  },
  {
    "ID": "ENT-0010",
    "Nom de l'entreprise": "LOU CIGALOUN",
    "Adresse e-mail de contact": "microcrecheloucigaloun@gmail.com",
    "Numéro de téléphone": "",
    "Provenance des produits BPF par défaut": "C.1 - des entreprises pour la formation de leurs salariés",
    "Numéro de compte comptable": "411000",
    "Code postal": "84220",
    "Ville": "Beaumettes"
  },
  {
    "ID": "ENT-0011",
    "Nom de l'entreprise": "LA PETITE TRIBU",
    "Adresse e-mail de contact": "contact@lapetitetribu.fr",
    "Numéro de téléphone": "",
    "Provenance des produits BPF par défaut": "C.1 - des entreprises pour la formation de leurs salariés",
    "Numéro de compte comptable": "411000",
    "Code postal": "13530",
    "Ville": "Trets"
  },
  {
    "ID": "ENT-0012",
    "Nom de l'entreprise": "BOUDDH'AMOUR",
    "Adresse e-mail de contact": "bouddhamour@hotmail.com",
    "Numéro de téléphone": "",
    "Provenance des produits BPF par défaut": "C.1 - des entreprises pour la formation de leurs salariés",
    "Numéro de compte comptable": "411000",
    "Code postal": "69640",
    "Ville": "Lacenas"
  },
  {
    "ID": "ENT-0013",
    "Nom de l'entreprise": "IFAC ETB PETITE ENFANCE",
    "Adresse e-mail de contact": "maleka.grac@dsf.ifac.asso.fr",
    "Numéro de téléphone": "",
    "Provenance des produits BPF par défaut": "C.1 - des entreprises pour la formation de leurs salariés",
    "Numéro de compte comptable": "411000",
    "Code postal": "13002",
    "Ville": "Marseille"
  },
  {
    "ID": "ENT-0014",
    "Nom de l'entreprise": "LIEBHERR DISTRIBUTION ET SERVICES FRANCE",
    "Adresse e-mail de contact": "Geoffroy.Egele@liebherr.com",
    "Numéro de téléphone": "",
    "Provenance des produits BPF par défaut": "C.1 - des entreprises pour la formation de leurs salariés",
    "Numéro de compte comptable": "411000",
    "Code postal": "68127",
    "Ville": "Niederhergheim"
  },
  {
    "ID": "ENT-0015",
    "Nom de l'entreprise": "LE TIPI DE MIMI",
    "Adresse e-mail de contact": "contact@letipidemimi.fr",
    "Numéro de téléphone": "",
    "Provenance des produits BPF par défaut": "C.1 - des entreprises pour la formation de leurs salariés",
    "Numéro de compte comptable": "411000",
    "Code postal": "01480",
    "Ville": "Frans"
  },
  {
    "ID": "ENT-0016",
    "Nom de l'entreprise": "GRAINES D'AVENIR",
    "Adresse e-mail de contact": "grainesdavenir84@gmail.com",
    "Numéro de téléphone": "",
    "Provenance des produits BPF par défaut": "C.1 - des entreprises pour la formation de leurs salariés",
    "Numéro de compte comptable": "411000",
    "Code postal": "84200",
    "Ville": "Carpentras"
  },
  {
    "ID": "ENT-0017",
    "Nom de l'entreprise": "KTSS",
    "Adresse e-mail de contact": "karine.thomas@crechesdekarsan.fr",
    "Numéro de téléphone": "",
    "Provenance des produits BPF par défaut": "C.1 - des entreprises pour la formation de leurs salariés",
    "Numéro de compte comptable": "411000",
    "Code postal": "84370",
    "Ville": "Bedarrides"
  },
  {
    "ID": "ENT-0018",
    "Nom de l'entreprise": "ÉOLIA",
    "Adresse e-mail de contact": "sabrina.varvarais@eoliagroupe.com",
    "Numéro de téléphone": "",
    "Provenance des produits BPF par défaut": "C.1 - des entreprises pour la formation de leurs salariés",
    "Numéro de compte comptable": "411000",
    "Code postal": "13600",
    "Ville": "La Ciotat"
  },
  {
    "ID": "ENT-0019",
    "Nom de l'entreprise": "ÉVALOU",
    "Adresse e-mail de contact": "microcreche.evalou@gmail.com",
    "Numéro de téléphone": "",
    "Provenance des produits BPF par défaut": "C.1 - des entreprises pour la formation de leurs salariés",
    "Numéro de compte comptable": "411000",
    "Code postal": "06130",
    "Ville": "Grasse"
  },
  {
    "ID": "ENT-0020",
    "Nom de l'entreprise": "BODYCOTE",
    "Adresse e-mail de contact": "Hayette.Mouhoubi@bodycote.com",
    "Numéro de téléphone": "",
    "Provenance des produits BPF par défaut": "C.1 - des entreprises pour la formation de leurs salariés",
    "Numéro de compte comptable": "411000",
    "Code postal": "13420",
    "Ville": "GEMENOS"
  },
  {
    "ID": "ENT-0021",
    "Nom de l'entreprise": "ALLIANCE ENVIRONNEMENT EXPLOITATION",
    "Adresse e-mail de contact": "c.borel@alliance-env.fr",
    "Numéro de téléphone": "07 78 41 34 60",
    "Provenance des produits BPF par défaut": "C.1 - des entreprises pour la formation de leurs salariés",
    "Numéro de compte comptable": "411000",
    "Code postal": "34400",
    "Ville": "LUNEL"
  },
  {
    "ID": "ENT-0022",
    "Nom de l'entreprise": "SUD MOTEURS GROUPE",
    "Adresse e-mail de contact": "service.qhse@sudmoteurs.fr",
    "Numéro de téléphone": "",
    "Provenance des produits BPF par défaut": "C.1 - des entreprises pour la formation de leurs salariés",
    "Numéro de compte comptable": "411000",
    "Code postal": "13002",
    "Ville": "Marseille"
  },
  {
    "ID": "ENT-0023",
    "Nom de l'entreprise": "LIEBHERR LOCATION FRANCE",
    "Adresse e-mail de contact": "valerie.bronner@liebherr.com",
    "Numéro de téléphone": "",
    "Provenance des produits BPF par défaut": "C.1 - des entreprises pour la formation de leurs salariés",
    "Numéro de compte comptable": "411000",
    "Code postal": "68127",
    "Ville": "NIEDERHERGHEIM"
  },
  {
    "ID": "ENT-0024",
    "Nom de l'entreprise": "SAUVEGARDE 13",
    "Adresse e-mail de contact": "vanessa.bekali@sauvegarde13.org",
    "Numéro de téléphone": "",
    "Provenance des produits BPF par défaut": "C.1 - des entreprises pour la formation de leurs salariés",
    "Numéro de compte comptable": "411000",
    "Code postal": "13010",
    "Ville": "Marseille"
  },
  {
    "ID": "ENT-0025",
    "Nom de l'entreprise": "7HOMECARE",
    "Adresse e-mail de contact": "carole.b@7homecare.fr",
    "Numéro de téléphone": "",
    "Provenance des produits BPF par défaut": "C.1 - des entreprises pour la formation de leurs salariés",
    "Numéro de compte comptable": "411000",
    "Code postal": "69100",
    "Ville": "Villeurbanne"
  },
  {
    "ID": "ENT-0026",
    "Nom de l'entreprise": "AU PAYS D'ÉVEIL",
    "Adresse e-mail de contact": "aupaysdeveil@gmail.com",
    "Numéro de téléphone": "0620112980",
    "Provenance des produits BPF par défaut": "C.1 - des entreprises pour la formation de leurs salariés",
    "Numéro de compte comptable": "411000",
    "Code postal": "84310",
    "Ville": "Morière-les-Avignon"
  },
  {
    "ID": "ENT-0027",
    "Nom de l'entreprise": "SAS TRANSPORT CMLE",
    "Adresse e-mail de contact": "tps.cmle@gmail.com",
    "Numéro de téléphone": "0663400944",
    "Provenance des produits BPF par défaut": "C.1 - des entreprises pour la formation de leurs salariés",
    "Numéro de compte comptable": "411000",
    "Code postal": "34130",
    "Ville": "LANSARGUES"
  },
  {
    "ID": "ENT-0028",
    "Nom de l'entreprise": "LES PETITES MAINS DE DEMAIN",
    "Adresse e-mail de contact": "magali.siacci1174@gmail.com",
    "Numéro de téléphone": "0662063849",
    "Provenance des produits BPF par défaut": "C.1 - des entreprises pour la formation de leurs salariés",
    "Numéro de compte comptable": "411000",
    "Code postal": "13014",
    "Ville": "Marseille"
  },
  {
    "ID": "ENT-0029",
    "Nom de l'entreprise": "MARIE-CHARLOTTE BARROSO",
    "Adresse e-mail de contact": "mcbpodologie@gmail.com",
    "Numéro de téléphone": "0788316637",
    "Provenance des produits BPF par défaut": "C.1 - des entreprises pour la formation de leurs salariés",
    "Numéro de compte comptable": "411000",
    "Code postal": "12000",
    "Ville": "Le Monastère"
  },
  {
    "ID": "ENT-0030",
    "Nom de l'entreprise": "KARINE LEDROIT COLENSON",
    "Adresse e-mail de contact": "cabinet.ledroit@orange.fr",
    "Numéro de téléphone": "04 90 55 05 98",
    "Provenance des produits BPF par défaut": "C.1 - des entreprises pour la formation de leurs salariés",
    "Numéro de compte comptable": "411000",
    "Code postal": "13330",
    "Ville": "PÉLISSANNE"
  },
  {
    "ID": "ENT-0031",
    "Nom de l'entreprise": "CRECHE PARENTALE LA PETITE PRINCESSE",
    "Adresse e-mail de contact": "titeprincesse83@gmail.com",
    "Numéro de téléphone": "0494667958",
    "Provenance des produits BPF par défaut": "C.1 - des entreprises pour la formation de leurs salariés",
    "Numéro de compte comptable": "411000",
    "Code postal": "83260",
    "Ville": "LA CRAU"
  },
  {
    "ID": "ENT-0032",
    "Nom de l'entreprise": "MURIEL BERARD LEROUX",
    "Adresse e-mail de contact": "berard.muriel@wanadoo.fr",
    "Numéro de téléphone": "0682978576",
    "Provenance des produits BPF par défaut": "C.1 - des entreprises pour la formation de leurs salariés",
    "Numéro de compte comptable": "411000",
    "Code postal": "83910",
    "Ville": "Pourrières"
  },
  {
    "ID": "ENT-0033",
    "Nom de l'entreprise": "SUZY VANDAELE",
    "Adresse e-mail de contact": "sv.suzyvandaele@gmail.com",
    "Numéro de téléphone": "",
    "Provenance des produits BPF par défaut": "C.1 - des entreprises pour la formation de leurs salariés",
    "Numéro de compte comptable": "411000",
    "Code postal": "12000",
    "Ville": "Le Monastère"
  },
  {
    "ID": "ENT-0034",
    "Nom de l'entreprise": "MUTUALITÉ FRANÇAISE",
    "Adresse e-mail de contact": "b.fily@lamut.fr",
    "Numéro de téléphone": "0610366067",
    "Provenance des produits BPF par défaut": "C.1 - des entreprises pour la formation de leurs salariés",
    "Numéro de compte comptable": "411000",
    "Code postal": "13100",
    "Ville": "Le Tholonet"
  },
  {
    "ID": "ENT-0035",
    "Nom de l'entreprise": "CYRIL VILOCY",
    "Adresse e-mail de contact": "cvilocypodo@gmail.com",
    "Numéro de téléphone": "0607749450",
    "Provenance des produits BPF par défaut": "C.1 - des entreprises pour la formation de leurs salariés",
    "Numéro de compte comptable": "411000",
    "Code postal": "77410",
    "Ville": "Charny"
  },
  {
    "ID": "ENT-0036",
    "Nom de l'entreprise": "JULIE SELIGMANN",
    "Adresse e-mail de contact": "j.seligmann@hotmail.fr",
    "Numéro de téléphone": "",
    "Provenance des produits BPF par défaut": "C.1 - des entreprises pour la formation de leurs salariés",
    "Numéro de compte comptable": "411000",
    "Code postal": "13300",
    "Ville": "Salon de Provence"
  },
  {
    "ID": "ENT-0037",
    "Nom de l'entreprise": "JULIE WALCH",
    "Adresse e-mail de contact": "julie-walch@orange.fr",
    "Numéro de téléphone": "0493399624",
    "Provenance des produits BPF par défaut": "C.1 - des entreprises pour la formation de leurs salariés",
    "Numéro de compte comptable": "411000",
    "Code postal": "06400",
    "Ville": "CANNES"
  },
  {
    "ID": "ENT-0038",
    "Nom de l'entreprise": "VALÉRIE NABET FEDERLEN",
    "Adresse e-mail de contact": "valoupodo@hotmail.fr",
    "Numéro de téléphone": "0646344344",
    "Provenance des produits BPF par défaut": "C.1 - des entreprises pour la formation de leurs salariés",
    "Numéro de compte comptable": "411000",
    "Code postal": "13290",
    "Ville": "Les Milles"
  },
  {
    "ID": "ENT-0039",
    "Nom de l'entreprise": "LES MINI PERLES",
    "Adresse e-mail de contact": "angelique.michel@lesminiperles.fr",
    "Numéro de téléphone": "",
    "Provenance des produits BPF par défaut": "C.1 - des entreprises pour la formation de leurs salariés",
    "Numéro de compte comptable": "411000",
    "Code postal": "13190",
    "Ville": "ALLAUCH"
  },
  {
    "ID": "ENT-0040",
    "Nom de l'entreprise": "MAGALI BERNARD",
    "Adresse e-mail de contact": "magpodo@aol.com",
    "Numéro de téléphone": "",
    "Provenance des produits BPF par défaut": "C.1 - des entreprises pour la formation de leurs salariés",
    "Numéro de compte comptable": "411000",
    "Code postal": "13320",
    "Ville": "Bouc-Bel-Air"
  },
  {
    "ID": "ENT-0041",
    "Nom de l'entreprise": "BEBE CHERRY",
    "Adresse e-mail de contact": "info@bebecherry.com",
    "Numéro de téléphone": "",
    "Provenance des produits BPF par défaut": "C.1 - des entreprises pour la formation de leurs salariés",
    "Numéro de compte comptable": "411000",
    "Code postal": "06500",
    "Ville": "MENTON"
  },
  {
    "ID": "ENT-0042",
    "Nom de l'entreprise": "GENERATION KIDS",
    "Adresse e-mail de contact": "contact@generationkids.fr",
    "Numéro de téléphone": "",
    "Provenance des produits BPF par défaut": "C.1 - des entreprises pour la formation de leurs salariés",
    "Numéro de compte comptable": "411000",
    "Code postal": "84800",
    "Ville": "L'ISLE-SUR-LA-SORGUE"
  },
  {
    "ID": "ENT-0043",
    "Nom de l'entreprise": "YOUBEE 34",
    "Adresse e-mail de contact": "estelle@youbee.com",
    "Numéro de téléphone": "",
    "Provenance des produits BPF par défaut": "C.1 - des entreprises pour la formation de leurs salariés",
    "Numéro de compte comptable": "411000",
    "Code postal": "34920",
    "Ville": "CRÉS"
  },
  {
    "ID": "ENT-0044",
    "Nom de l'entreprise": "LES PETITS COEURS",
    "Adresse e-mail de contact": "mc.lespetitscoeurs@gmail.com",
    "Numéro de téléphone": "",
    "Provenance des produits BPF par défaut": "C.1 - des entreprises pour la formation de leurs salariés",
    "Numéro de compte comptable": "411000",
    "Code postal": "84270",
    "Ville": "VEDENE"
  },
  {
    "ID": "ENT-0045",
    "Nom de l'entreprise": "PETIT À PETIT",
    "Adresse e-mail de contact": "petitapetit84870@gmail.com",
    "Numéro de téléphone": "",
    "Provenance des produits BPF par défaut": "C.1 - des entreprises pour la formation de leurs salariés",
    "Numéro de compte comptable": "411000",
    "Code postal": "84870",
    "Ville": "LORIOL-DU-COMTAT"
  },
  {
    "ID": "ENT-0046",
    "Nom de l'entreprise": "Association Violaine",
    "Adresse e-mail de contact": "athoretaraison@gmail.com",
    "Numéro de téléphone": "",
    "Provenance des produits BPF par défaut": "C.1 - des entreprises pour la formation de leurs salariés",
    "Numéro de compte comptable": "411000",
    "Code postal": "84450",
    "Ville": "JONQUERETTES"
  },
  {
    "ID": "ENT-0047",
    "Nom de l'entreprise": "GRACIE BARRA",
    "Adresse e-mail de contact": "alizeegbmarseille@gmail.com",
    "Numéro de téléphone": "",
    "Provenance des produits BPF par défaut": "C.1 - des entreprises pour la formation de leurs salariés",
    "Numéro de compte comptable": "411000",
    "Code postal": "13006",
    "Ville": "MARSEILLE"
  },
  {
    "ID": "ENT-0048",
    "Nom de l'entreprise": "ANTHONY RAVEAU",
    "Adresse e-mail de contact": "anthonoravi@hotmail.fr",
    "Numéro de téléphone": "",
    "Provenance des produits BPF par défaut": "C.1 - des entreprises pour la formation de leurs salariés",
    "Numéro de compte comptable": "411000",
    "Code postal": "06000",
    "Ville": "NICE"
  },
  {
    "ID": "ENT-0049",
    "Nom de l'entreprise": "DAVID IMPINNA",
    "Adresse e-mail de contact": "podologiedelhelico@gmail.com",
    "Numéro de téléphone": "",
    "Provenance des produits BPF par défaut": "C.1 - des entreprises pour la formation de leurs salariés",
    "Numéro de compte comptable": "411000",
    "Code postal": "13700",
    "Ville": "MARIGNANE"
  },
  {
    "ID": "ENT-0050",
    "Nom de l'entreprise": "UNION DES CENTRES SOCIAUX DES BOUCHES DU RHÔNE",
    "Adresse e-mail de contact": "rr.paca@alisfa.fr",
    "Numéro de téléphone": "",
    "Provenance des produits BPF par défaut": "C.1 - des entreprises pour la formation de leurs salariés",
    "Numéro de compte comptable": "411000",
    "Code postal": "13014",
    "Ville": "MARSEILLE"
  },
  {
    "ID": "ENT-0051",
    "Nom de l'entreprise": "PERSPECIVES - Alice Maret",
    "Adresse e-mail de contact": "alice.m@candco.fr",
    "Numéro de téléphone": "",
    "Provenance des produits BPF par défaut": "C.1 - des entreprises pour la formation de leurs salariés",
    "Numéro de compte comptable": "411000",
    "Code postal": "66100",
    "Ville": "PERPIGNAN"
  },
  {
    "ID": "ENT-0052",
    "Nom de l'entreprise": "GRÉGORY BARON",
    "Adresse e-mail de contact": "baron.podologue@gmail.com",
    "Numéro de téléphone": "",
    "Provenance des produits BPF par défaut": "C.1 - des entreprises pour la formation de leurs salariés",
    "Numéro de compte comptable": "411000",
    "Code postal": "83100",
    "Ville": "TOULON"
  },
  {
    "ID": "ENT-0053",
    "Nom de l'entreprise": "FLORIANE AGARD",
    "Adresse e-mail de contact": "floriane.agard@hotmail.fr",
    "Numéro de téléphone": "",
    "Provenance des produits BPF par défaut": "C.1 - des entreprises pour la formation de leurs salariés",
    "Numéro de compte comptable": "411000",
    "Code postal": "05200",
    "Ville": "EMBRUN"
  },
  {
    "ID": "ENT-0054",
    "Nom de l'entreprise": "MANON HUNZIKER",
    "Adresse e-mail de contact": "manonhv@gmail.com",
    "Numéro de téléphone": "",
    "Provenance des produits BPF par défaut": "C.1 - des entreprises pour la formation de leurs salariés",
    "Numéro de compte comptable": "411000",
    "Code postal": "13290",
    "Ville": "Aix en Provence - Les Milles"
  },
  {
    "ID": "ENT-0055",
    "Nom de l'entreprise": "JULIE CADIÈRE",
    "Adresse e-mail de contact": "julie.cadiere@gmail.com",
    "Numéro de téléphone": "",
    "Provenance des produits BPF par défaut": "C.1 - des entreprises pour la formation de leurs salariés",
    "Numéro de compte comptable": "411000",
    "Code postal": "04170",
    "Ville": "Saint-André-les-Alpes"
  },
  {
    "ID": "ENT-0056",
    "Nom de l'entreprise": "ÉMILIE POSSOZ",
    "Adresse e-mail de contact": "emiliep73@icloud.com",
    "Numéro de téléphone": "",
    "Provenance des produits BPF par défaut": "C.1 - des entreprises pour la formation de leurs salariés",
    "Numéro de compte comptable": "411000",
    "Code postal": "73700",
    "Ville": "Bourg-Saint-Maurice"
  }
]
